Cycle,Capacity_Ah,SoH,V_mean,V_std,t_sec,T_mean,File,Batch
1,1.991,1,3.6947394563285,0.245207997829811,17921,25.7609852612257,2C_battery-1,Batch-NA
2,1.863,0.949057564951605,3.62792439472878,0.242334779834693,3354,27.152681581367,2C_battery-1,Batch-NA
3,1.871,0.953132959755476,3.6283971001221,0.242105386164597,3367,27.1397435897438,2C_battery-1,Batch-NA
4,1.877,0.95618950585838,3.6275360925137,0.243053784590537,3379,27.1284540474743,2C_battery-1,Batch-NA
5,1.883,0.959246051961284,3.62720524878641,0.24361325372348,3388,27.1321298543691,2C_battery-1,Batch-NA
6,1.888,0.961793173713703,3.62651416464891,0.244284983957159,3398,27.1399213075062,2C_battery-1,Batch-NA
7,1.892,0.963830871115639,3.62592834289164,0.244854228094763,3406,27.1181104738909,2C_battery-1,Batch-NA
8,1.897,0.966377992868059,3.62521243975904,0.245182061146889,3414,27.1355120481929,2C_battery-1,Batch-NA
9,1.901,0.968415690269995,3.6249205829327,0.245362321746827,3421,27.1321213942309,2C_battery-1,Batch-NA
10,1.9,0.967906265919511,3.62379488260084,0.24654650633727,3421,26.8648404575558,2C_battery-1,Batch-NA
11,1.903,0.969434538970963,3.62089080528846,0.246697102249059,3425,26.3347055288463,2C_battery-1,Batch-NA
12,1.91,0.97300050942435,3.62221046511628,0.247177125944977,3437,26.9299045915323,2C_battery-1,Batch-NA
13,1.913,0.974528782475802,3.62165684116597,0.247889787170935,3444,26.9718917311122,2C_battery-1,Batch-NA
14,1.917,0.976566479877738,3.62115921638469,0.248388966383852,3451,26.9978035025228,2C_battery-1,Batch-NA
15,1.92,0.97809475292919,3.62062128668841,0.248533490378548,3456,27.0219092795729,2C_battery-1,Batch-NA
16,1.923,0.979623025980642,3.6200006510802,0.249152204105657,3461,27.0018644569397,2C_battery-1,Batch-NA
17,1.926,0.981151299032094,3.61925789007092,0.250132928886447,3467,27.0359633569738,2C_battery-1,Batch-NA
18,1.928,0.982170147733062,3.61863538961039,0.250544455596075,3471,27.0394628099172,2C_battery-1,Batch-NA
19,1.93,0.983188996434029,3.61837537599528,0.250265485709541,3475,27.0018873488644,2C_battery-1,Batch-NA
20,1.933,0.984717269485481,3.61747544169611,0.251312724215328,3479,26.9922850412247,2C_battery-1,Batch-NA
21,1.936,0.986245542536933,3.61721042528057,0.25158573695167,3485,27.0865032486709,2C_battery-1,Batch-NA
22,1.938,0.987264391237901,3.61668142140961,0.252437674500542,3489,27.1288115600118,2C_battery-1,Batch-NA
23,1.94,0.988283239938869,3.61647630415562,0.2521775770796,3492,27.123754789272,2C_battery-1,Batch-NA
24,1.942,0.989302088639837,3.61570915783275,0.253145247522461,3495,27.1112190812721,2C_battery-1,Batch-NA
25,1.944,0.990320937340805,3.61507646366579,0.253445714966134,3499,27.0836716681376,2C_battery-1,Batch-NA
26,1.945,0.990830361691289,3.61469691358025,0.253788044743419,3501,27.0898001175778,2C_battery-1,Batch-NA
27,1.947,0.991849210392257,3.61426353493834,0.254183989919866,3505,27.0917498532002,2C_battery-1,Batch-NA
28,1.948,0.992358634742741,3.61360375586855,0.254682622219188,3507,27.0358274647886,2C_battery-1,Batch-NA
29,1.949,0.992868059093225,3.61310439882698,0.255108767428975,3509,27.0243401759529,2C_battery-1,Batch-NA
30,1.95,0.993377483443709,3.6125201407212,0.255288561487761,3510,26.9580474934035,2C_battery-1,Batch-NA
31,1.951,0.993886907794193,3.61201365367712,0.255688468297959,3512,26.9259888661001,2C_battery-1,Batch-NA
32,1.952,0.994396332144676,3.61132300936768,0.256275063068275,3514,26.9027810304449,2C_battery-1,Batch-NA
33,1.953,0.99490575649516,3.61120702370501,0.256399009403805,3516,26.9278899619549,2C_battery-1,Batch-NA
34,1.954,0.995415180845644,3.61088472791106,0.256403927475412,3518,26.8926272674078,2C_battery-1,Batch-NA
35,1.955,0.995924605196128,3.61007748538012,0.257369199909048,3520,26.8823391812866,2C_battery-1,Batch-NA
36,1.957,0.996943453897096,3.61005685472084,0.257050466312566,3521,26.8987722888044,2C_battery-1,Batch-NA
37,1.958,0.99745287824758,3.60958043224299,0.257492933075801,3524,26.9020443925234,2C_battery-1,Batch-NA
38,1.958,0.99745287824758,3.60910195563339,0.258530812031945,3525,26.9085522475189,2C_battery-1,Batch-NA
39,1.959,0.997962302598064,3.60861190545667,0.258496085109629,3526,26.8569302597024,2C_battery-1,Batch-NA
40,1.96,0.998471726948548,3.60856120186698,0.25836659571677,3527,26.8585764294049,2C_battery-1,Batch-NA
41,1.96,0.998471726948548,3.60796535433071,0.25887254221118,3529,26.8562263050453,2C_battery-1,Batch-NA
42,1.961,0.998981151299032,3.60748327018362,0.259405400913779,3530,26.842174293209,2C_battery-1,Batch-NA
43,1.961,0.998981151299032,3.60700804195804,0.259932132589123,3531,26.822872960373,2C_battery-1,Batch-NA
44,1.96,0.998471726948548,3.60640819719953,0.259641249061242,3528,26.5917736289381,2C_battery-1,Batch-NA
45,1.961,0.998981151299032,3.60606722076407,0.259462469387946,3529,26.5852143482064,2C_battery-1,Batch-NA
46,1.961,0.998981151299032,3.60555980763626,0.260535434022299,3531,26.6380647041678,2C_battery-1,Batch-NA
47,1.961,0.998981151299032,3.60486631701632,0.261030824143603,3531,26.5550699300698,2C_battery-1,Batch-NA
48,1.967,1,3.6067625872093,0.259990615536777,3540,27.1464825581396,2C_battery-1,Batch-NA
49,1.966,1,3.60647283304247,0.261378591434173,3538,27.0448516579406,2C_battery-1,Batch-NA
50,1.963,1,3.60472842994465,0.261348340033672,3533,26.6478298863967,2C_battery-1,Batch-NA
51,1.963,1,3.60432939120303,0.261173250961133,3533,26.5672298281385,2C_battery-1,Batch-NA
52,1.962,0.999490575649516,3.60382873797727,0.261460948584161,3532,26.4789565724278,2C_battery-1,Batch-NA
53,1.962,0.999490575649516,3.60307278554779,0.26225228703898,3532,26.4247960372961,2C_battery-1,Batch-NA
54,1.962,0.999490575649516,3.60279312354312,0.262095358495398,3532,26.3466783216784,2C_battery-1,Batch-NA
55,1.962,0.999490575649516,3.60215890410959,0.262587019304338,3531,26.2948994462257,2C_battery-1,Batch-NA
56,1.964,1,3.60171618631732,0.262540208396839,3535,26.3277729257643,2C_battery-1,Batch-NA
57,1.966,1,3.603025,0.262682637716947,3538,26.69141443539,2C_battery-1,Batch-NA
58,1.964,1,3.60179153084982,0.263133617777216,3535,26.4364086146682,2C_battery-1,Batch-NA
59,1.967,1,3.60229233004067,0.262585260272514,3541,26.7023242300989,2C_battery-1,Batch-NA
60,1.968,1,3.60294023823358,0.262886221515426,3542,26.8506682161534,2C_battery-1,Batch-NA
61,1.967,1,3.60230587209302,0.263757274120476,3540,26.7246511627906,2C_battery-1,Batch-NA
62,1.967,1,3.6021826744186,0.263252734790986,3541,26.7359883720931,2C_battery-1,Batch-NA
63,1.964,1,3.6004106197265,0.264536471933891,3536,26.3692464358452,2C_battery-1,Batch-NA
64,1.964,1,3.60018832605531,0.263926881763228,3535,26.283959243086,2C_battery-1,Batch-NA
65,1.964,1,3.59963025626092,0.264483510398032,3535,26.2243739079792,2C_battery-1,Batch-NA
66,1.963,1,3.59932135158753,0.264560365314564,3533,26.1812408971746,2C_battery-1,Batch-NA
67,1.962,0.999490575649516,3.59879271561772,0.264784893002216,3532,26.0837703962703,2C_battery-1,Batch-NA
68,1.962,0.999490575649516,3.59838208563938,0.264983412666572,3533,26.0715700553451,2C_battery-1,Batch-NA
69,1.965,1,3.59852429444283,0.264848930000068,3537,26.2917660750656,2C_battery-1,Batch-NA
70,1.968,1,3.59997224643999,0.264900010589524,3542,26.690758500436,2C_battery-1,Batch-NA
71,1.967,1,3.59932382335851,0.265891027134267,3541,26.6193782684485,2C_battery-1,Batch-NA
72,1.967,1,3.59919965116279,0.265580326103305,3541,26.5819476744185,2C_battery-1,Batch-NA
73,1.967,1,3.59907567646203,0.265798856890648,3540,26.5887110852487,2C_battery-1,Batch-NA
74,1.966,1,3.59844178800233,0.266289355536332,3539,26.5073092603376,2C_battery-1,Batch-NA
75,1.965,1,3.59818446969697,0.265928824605053,3537,26.4099941724942,2C_battery-1,Batch-NA
76,1.965,1,3.59777011360326,0.2664847131247,3538,26.4051558403729,2C_battery-1,Batch-NA
77,1.965,1,3.59753050699301,0.266540928789338,3537,26.3572261072261,2C_battery-1,Batch-NA
78,1.964,1,3.59718962401632,0.26660467260532,3535,26.3106382978724,2C_battery-1,Batch-NA
79,1.964,1,3.59678052478134,0.267019017893673,3535,26.2568221574345,2C_battery-1,Batch-NA
80,1.963,1,3.59610446194226,0.266900818103135,3534,26.1566929133859,2C_battery-1,Batch-NA
81,1.964,1,3.59627889828039,0.267060042850914,3536,26.2625765083068,2C_battery-1,Batch-NA
82,1.965,1,3.59671139609443,0.266756899727649,3536,26.3465753424658,2C_battery-1,Batch-NA
83,1.971,1,3.59931316477768,0.265585283971276,3547,27.1339145597211,2C_battery-1,Batch-NA
84,1.969,1,3.59910575748765,0.267581901955678,3545,27.1604826984588,2C_battery-1,Batch-NA
85,1.966,1,3.59696149140693,0.267356254675465,3539,26.5829303815903,2C_battery-1,Batch-NA
86,1.964,1,3.59605714285714,0.26730116769115,3536,26.3804664723033,2C_battery-1,Batch-NA
87,1.963,1,3.59531478565179,0.268107390338087,3534,26.2730242053078,2C_battery-1,Batch-NA
88,1.962,0.999490575649516,3.59467324970829,0.268205193962706,3532,26.1508751458577,2C_battery-1,Batch-NA
89,1.961,0.998981151299032,3.59422332165791,0.268461131271152,3531,26.0811441914769,2C_battery-1,Batch-NA
90,1.961,0.998981151299032,3.59430668613139,0.268092361550121,3530,26.0578686131386,2C_battery-1,Batch-NA
91,1.96,0.998471726948548,3.59371731892523,0.268364860688808,3529,25.9854556074764,2C_battery-1,Batch-NA
92,1.96,0.998471726948548,3.59327958528038,0.268581541262693,3529,25.9441004672895,2C_battery-1,Batch-NA
93,1.959,0.997962302598064,3.59267785568215,0.269511108975728,3527,25.893280747882,2C_battery-1,Batch-NA
94,1.96,0.998471726948548,3.59291971378505,0.268950430049725,3529,25.9874415887849,2C_battery-1,Batch-NA
95,1.959,0.997962302598064,3.59285475007308,0.268721819431164,3526,25.8992399883074,2C_battery-1,Batch-NA
96,1.96,0.998471726948548,3.59294462616822,0.268881057712057,3529,26.0379672897195,2C_battery-1,Batch-NA
97,1.96,0.998471726948548,3.59279448014019,0.269476761722211,3529,26.0863025700934,2C_battery-1,Batch-NA
98,1.96,0.998471726948548,3.59238959976629,0.26949991518903,3527,25.991703184341,2C_battery-1,Batch-NA
99,1.959,0.997962302598064,3.59239044418469,0.269112781064625,3526,25.9611046171827,2C_battery-1,Batch-NA
100,1.958,0.99745287824758,3.59222173150044,0.269157792906964,3524,25.8968704299502,2C_battery-1,Batch-NA
101,1.957,0.996943453897096,3.59088508335771,0.270314226681931,3523,25.7534951740276,2C_battery-1,Batch-NA
102,1.956,0.996434029546612,3.59038018149883,0.269933463711196,3521,25.5841627634659,2C_battery-1,Batch-NA
103,1.955,0.995924605196128,3.58983283538371,0.269857890768143,3519,25.4924135910953,2C_battery-1,Batch-NA
104,1.954,0.995415180845644,3.58918444184002,0.270588681976092,3517,25.4041312628186,2C_battery-1,Batch-NA
105,1.956,0.996434029546612,3.59020500732065,0.269279656685208,3520,25.632737920937,2C_battery-1,Batch-NA
106,1.958,0.99745287824758,3.59138265574729,0.269620697447266,3524,26.0241006142145,2C_battery-1,Batch-NA
107,1.958,0.99745287824758,3.59209257309942,0.269474678471536,3525,26.1876023391814,2C_battery-1,Batch-NA
108,1.958,0.99745287824758,3.5915062591401,0.269741906933952,3524,26.0638198303596,2C_battery-1,Batch-NA
109,1.958,0.99745287824758,3.5917032729398,0.270094940253359,3525,26.2433664523672,2C_battery-1,Batch-NA
110,1.957,0.996943453897096,3.59141447791752,0.270122869055146,3524,26.1392219947353,2C_battery-1,Batch-NA
111,1.956,0.996434029546612,3.59102160421546,0.269753651601151,3520,25.9900761124121,2C_battery-1,Batch-NA
112,1.955,0.995924605196128,3.59061250732279,0.269948530224539,3519,25.925424721734,2C_battery-1,Batch-NA
113,1.955,0.995924605196128,3.59021154071471,0.270311347168838,3518,25.8956063268894,2C_battery-1,Batch-NA
114,1.954,0.995415180845644,3.59020679953107,0.27000640811437,3517,25.8672626025792,2C_battery-1,Batch-NA
115,1.953,0.99490575649516,3.589475996483,0.270957937738473,3516,25.8201055099649,2C_battery-1,Batch-NA
116,1.952,0.994396332144676,3.58932149560117,0.270605896967999,3515,25.7536950146628,2C_battery-1,Batch-NA
117,1.953,0.99490575649516,3.58940416300205,0.270310220589415,3516,25.8165640574612,2C_battery-1,Batch-NA
118,1.955,0.995924605196128,3.59112081991215,0.269586859668979,3519,26.2309516837483,2C_battery-1,Batch-NA
119,1.956,0.996434029546612,3.59172344161545,0.269933677317186,3522,26.4493707930933,2C_battery-1,Batch-NA
120,1.955,0.995924605196128,3.59151959578207,0.269905168335548,3519,26.3474223784418,2C_battery-1,Batch-NA
121,1.956,0.996434029546612,3.59156541727672,0.269843075622785,3521,26.4436603221083,2C_battery-1,Batch-NA
122,1.955,0.995924605196128,3.59158609077599,0.269749679384816,3520,26.4339385065886,2C_battery-1,Batch-NA
123,1.955,0.995924605196128,3.59128720351391,0.270118009463556,3519,26.4330600292826,2C_battery-1,Batch-NA
124,1.954,0.995415180845644,3.59121207149136,0.270181248510142,3518,26.4172282449458,2C_battery-1,Batch-NA
125,1.953,0.99490575649516,3.59075084994139,0.27024149223272,3516,26.3226846424386,2C_battery-1,Batch-NA
126,1.953,0.99490575649516,3.59049070653767,0.270281581526439,3515,26.2907065376724,2C_battery-1,Batch-NA
127,1.952,0.994396332144676,3.59068952772074,0.269815691840599,3514,26.2831622176593,2C_battery-1,Batch-NA
128,1.952,0.994396332144676,3.59039706658844,0.27031255468705,3514,26.2812555001468,2C_battery-1,Batch-NA
129,1.951,0.993886907794193,3.5902580399061,0.27041264411626,3512,26.2528462441316,2C_battery-1,Batch-NA
130,1.951,0.993886907794193,3.59002320328542,0.270391213998488,3513,26.2765033734234,2C_battery-1,Batch-NA
131,1.951,0.993886907794193,3.59071261737089,0.270084383175076,3513,26.4112382629108,2C_battery-1,Batch-NA
132,1.951,0.993886907794193,3.59067951877934,0.269950136450737,3512,26.4268779342723,2C_battery-1,Batch-NA
133,1.952,0.994396332144676,3.59128049281314,0.269705474931402,3513,26.5881783514226,2C_battery-1,Batch-NA
134,1.951,0.993886907794193,3.59106103286385,0.2699756614307,3512,26.5646126760562,2C_battery-1,Batch-NA
135,1.951,0.993886907794193,3.59110860246624,0.269587993474367,3511,26.5453024075159,2C_battery-1,Batch-NA
136,1.95,0.993377483443709,3.59079756240822,0.269936834240819,3510,26.5184728340674,2C_battery-1,Batch-NA
137,1.949,0.992868059093225,3.5906698207464,0.269770613726099,3508,26.4437555098442,2C_battery-1,Batch-NA
138,1.948,0.992358634742741,3.58988077601411,0.270418487840489,3506,26.3510288065845,2C_battery-1,Batch-NA
139,1.947,0.991849210392257,3.58955341176471,0.270341342501034,3504,26.2582352941178,2C_battery-1,Batch-NA
140,1.946,0.991339786041773,3.58902875220718,0.270340855607237,3503,26.1611241907004,2C_battery-1,Batch-NA
141,1.945,0.990830361691289,3.58876472320377,0.270044391699981,3501,26.0930212014133,2C_battery-1,Batch-NA
142,1.947,0.991849210392257,3.59002222875625,0.269113884945469,3505,26.4317847691856,2C_battery-1,Batch-NA
143,1.949,0.992868059093225,3.59182334801762,0.269526028337125,3509,26.9352422907489,2C_battery-1,Batch-NA
144,1.948,0.992358634742741,3.59168421980606,0.269925659133642,3507,26.8634734058185,2C_battery-1,Batch-NA
145,1.948,0.992358634742741,3.59160658436214,0.269514180626021,3506,26.8671957671958,2C_battery-1,Batch-NA
146,1.947,0.991849210392257,3.59056735294118,0.270145009535921,3504,26.6770882352941,2C_battery-1,Batch-NA
147,1.946,0.991339786041773,3.59071194468961,0.26941899688841,3503,26.6614004118858,2C_battery-1,Batch-NA
148,1.946,0.991339786041773,3.59060220653133,0.269838375465541,3503,26.7140335392763,2C_battery-1,Batch-NA
149,1.944,0.990320937340805,3.59029249116608,0.269763743828005,3500,26.5961130742049,2C_battery-1,Batch-NA
150,1.944,0.990320937340805,3.58996929876252,0.269731651192175,3498,26.5194755450794,2C_battery-1,Batch-NA
151,1.943,0.989811512990321,3.58948517536104,0.270189437618435,3497,26.4740642499263,2C_battery-1,Batch-NA
152,1.942,0.989302088639837,3.58915378944264,0.270218529301413,3495,26.3973459156591,2C_battery-1,Batch-NA
153,1.941,0.988792664289353,3.58861735025081,0.270574390329946,3494,26.320330480968,2C_battery-1,Batch-NA
154,1.942,0.989302088639837,3.58951144205249,0.269358396090705,3495,26.500560306694,2C_battery-1,Batch-NA
155,1.946,0.991339786041773,3.5922339905827,0.268118945823006,3502,27.1460565038258,2C_battery-1,Batch-NA
156,1.949,0.992868059093225,3.59509453584019,0.267822764824652,3508,27.8254406580495,2C_battery-1,Batch-NA
157,1.949,0.992868059093225,3.5953535840188,0.268252660683249,3508,27.9295828437133,2C_battery-1,Batch-NA
158,1.947,0.991849210392257,3.59396270588236,0.268470351260735,3504,27.6284117647058,2C_battery-1,Batch-NA
159,1.946,0.991339786041773,3.5936398940865,0.268736525271168,3503,27.5699029126212,2C_battery-1,Batch-NA
160,1.945,0.990830361691289,3.59270379858657,0.269075666611813,3501,27.4348939929329,2C_battery-1,Batch-NA
161,1.944,0.990320937340805,3.5927070376914,0.268838261532029,3500,27.3966136631332,2C_battery-1,Batch-NA
162,1.944,0.990320937340805,3.59269437242192,0.268615900912368,3498,27.365350618739,2C_battery-1,Batch-NA
163,1.943,0.989811512990321,3.59240999115827,0.268803595309305,3497,27.3291187739465,2C_battery-1,Batch-NA
164,1.942,0.989302088639837,3.59177606837607,0.269550191551688,3497,27.2990274093724,2C_battery-1,Batch-NA
165,1.942,0.989302088639837,3.59198522559717,0.269018547731454,3495,27.3048363314658,2C_battery-1,Batch-NA
166,1.941,0.988792664289353,3.59178531406665,0.269094765516737,3495,27.2803302860515,2C_battery-1,Batch-NA
167,1.942,0.989302088639837,3.59218587437334,0.268916324592365,3495,27.4215865526394,2C_battery-1,Batch-NA
168,1.941,0.988792664289353,3.59217764671189,0.269187544664028,3495,27.4503981126512,2C_battery-1,Batch-NA
169,1.941,0.988792664289353,3.59216590976113,0.269134815631507,3494,27.4533765850782,2C_battery-1,Batch-NA
170,1.941,0.988792664289353,3.59241127176158,0.269108886887073,3493,27.499557391561,2C_battery-1,Batch-NA
171,1.939,0.987773815588385,3.59117799763733,0.26942307605626,3490,27.2593916125223,2C_battery-1,Batch-NA
172,1.938,0.987264391237901,3.5906695035461,0.269604117909871,3488,27.1668439716312,2C_battery-1,Batch-NA
173,1.937,0.986754966887417,3.59050103458469,0.26952746421105,3487,27.1359444280224,2C_battery-1,Batch-NA
174,1.937,0.986754966887417,3.59045588409225,0.269363436355576,3486,27.1192193968065,2C_battery-1,Batch-NA
175,1.936,0.986245542536933,3.58986039633245,0.270050166415038,3484,27.0671398994379,2C_battery-1,Batch-NA
176,1.935,0.985736118186449,3.58932310650888,0.270450786056207,3483,27.0264201183431,2C_battery-1,Batch-NA
177,1.934,0.985226693835965,3.58952430432208,0.269707581500205,3481,26.9806690349318,2C_battery-1,Batch-NA
178,1.934,0.985226693835965,3.58880316755476,0.270568341287574,3481,26.9367969212552,2C_battery-1,Batch-NA
179,1.933,0.984717269485481,3.58894271327014,0.269899042612574,3479,26.899259478673,2C_battery-1,Batch-NA
180,1.932,0.984207845134997,3.58874494814815,0.27006733463622,3478,26.8846814814815,2C_battery-1,Batch-NA
181,1.932,0.984207845134997,3.58822653242523,0.270346508224338,3477,26.8755404204916,2C_battery-1,Batch-NA
182,1.931,0.983698420784514,3.58844562334218,0.270331723619807,3476,26.8936634246979,2C_battery-1,Batch-NA
183,1.931,0.983698420784514,3.58817032999411,0.270681205233311,3476,26.8606658809664,2C_battery-1,Batch-NA
184,1.93,0.983188996434029,3.58786390445296,0.270698290922803,3475,26.8461810675317,2C_battery-1,Batch-NA
185,1.93,0.983188996434029,3.58746533018868,0.271049274598992,3474,26.8056308962265,2C_battery-1,Batch-NA
186,1.929,0.982679572083546,3.58718702064897,0.271056094628408,3473,26.7717994100295,2C_battery-1,Batch-NA
187,1.929,0.982679572083546,3.5874266824085,0.270357067171696,3471,26.7364817001181,2C_battery-1,Batch-NA
188,1.928,0.982170147733062,3.58717579693034,0.270907807084952,3470,26.7172373081464,2C_battery-1,Batch-NA
189,1.927,0.981660723382578,3.58661900826446,0.271013984604405,3470,26.6858323494687,2C_battery-1,Batch-NA
190,1.927,0.981660723382578,3.58669742907801,0.27066503123456,3468,26.6423758865248,2C_battery-1,Batch-NA
191,1.926,0.981151299032094,3.58603897754137,0.271561218311499,3467,26.641341607565,2C_battery-1,Batch-NA
192,1.926,0.981151299032094,3.58673821354629,0.270776215558298,3466,26.6648328896777,2C_battery-1,Batch-NA
193,1.925,0.98064187468161,3.58629009754656,0.271320274083963,3466,26.6853088974284,2C_battery-1,Batch-NA
194,1.924,0.980132450331126,3.58582876145433,0.271687437289927,3464,26.6567543600355,2C_battery-1,Batch-NA
195,1.924,0.980132450331126,3.58636907369044,0.270880924946301,3463,26.6689553122226,2C_battery-1,Batch-NA
196,1.924,0.980132450331126,3.58604770642202,0.271024926849668,3462,26.6554897898787,2C_battery-1,Batch-NA
197,1.923,0.979623025980642,3.58571586268127,0.271074515801759,3462,26.6282627996449,2C_battery-1,Batch-NA
198,1.923,0.979623025980642,3.58518285460468,0.271725701550444,3461,26.6138880663311,2C_battery-1,Batch-NA
199,1.922,0.979113601630158,3.58547859046491,0.271202921396653,3460,26.6029908202547,2C_battery-1,Batch-NA
200,1.921,0.978604177279674,3.58498340248963,0.271523626915739,3458,26.5475992886781,2C_battery-1,Batch-NA
201,1.92,0.97809475292919,3.5843809311981,0.271576476259256,3456,26.4489323843414,2C_battery-1,Batch-NA
202,1.919,0.977585328578706,3.58368169682587,0.271804578068435,3454,26.321269652922,2C_battery-1,Batch-NA
203,1.918,0.977075904228222,3.58347172106825,0.271944692890664,3452,26.2648071216619,2C_battery-1,Batch-NA
204,1.917,0.976566479877738,3.58305207715134,0.272078096028541,3451,26.2753115727004,2C_battery-1,Batch-NA
205,1.917,0.976566479877738,3.58258590624067,0.272808350337688,3451,26.2378620483728,2C_battery-1,Batch-NA
206,1.916,0.976057055527254,3.5820713090257,0.272637853967025,3448,26.1042737597131,2C_battery-1,Batch-NA
207,1.914,0.975038206826286,3.58176408492823,0.272542188012544,3446,26.047428229665,2C_battery-1,Batch-NA
208,1.914,0.975038206826286,3.58157402752843,0.272373119123068,3445,25.9868641532015,2C_battery-1,Batch-NA
209,1.913,0.974528782475802,3.58096198742891,0.273089282669794,3443,25.9415444477701,2C_battery-1,Batch-NA
210,1.912,0.974019358125318,3.58087943113772,0.272833235597346,3442,25.8989520958084,2C_battery-1,Batch-NA
211,1.911,0.973509933774834,3.58006129418814,0.273328880923515,3440,25.8036548831637,2C_battery-1,Batch-NA
212,1.91,0.97300050942435,3.57955653477218,0.273462507820854,3438,25.7192745803358,2C_battery-1,Batch-NA
213,1.909,0.972491085073867,3.57912668665667,0.273728675812151,3437,25.6520539730135,2C_battery-1,Batch-NA
214,1.909,0.972491085073867,3.57864023988006,0.273926483718252,3437,25.595412293853,2C_battery-1,Batch-NA
215,1.907,0.971472236372899,3.57824773341339,0.273812084862836,3433,25.4925848093663,2C_battery-1,Batch-NA
216,1.907,0.971472236372899,3.57771483483484,0.273990225001848,3432,25.4263063063063,2C_battery-1,Batch-NA
217,1.905,0.970453387671931,3.57680871656147,0.274530709544905,3429,25.2819957920049,2C_battery-1,Batch-NA
218,1.904,0.969943963321447,3.57646345864662,0.274186949072315,3427,25.1976541353384,2C_battery-1,Batch-NA
219,1.904,0.969943963321447,3.57595636090226,0.274708994359157,3427,25.1491428571428,2C_battery-1,Batch-NA
220,1.902,0.968925114620479,3.57539515352198,0.274805347601081,3424,25.0566526189041,2C_battery-1,Batch-NA
221,1.901,0.968415690269995,3.57448939759036,0.275248958653379,3421,24.9314759036144,2C_battery-1,Batch-NA
222,1.899,0.967396841569027,3.573831986735,0.275024763045733,3419,24.8044920108533,2C_battery-1,Batch-NA
223,1.898,0.966887417218543,3.57275559577677,0.275673242735524,3416,24.6652187028658,2C_battery-1,Batch-NA
224,1.896,0.965868568517575,3.57211832729469,0.27572732737794,3414,24.5643417874395,2C_battery-1,Batch-NA
225,1.895,0.965359144167091,3.57133929866989,0.275837155021702,3410,24.4443168077387,2C_battery-1,Batch-NA
226,1.894,0.964849719816607,3.57063565164802,0.276203563838619,3409,24.353825219232,2C_battery-1,Batch-NA
227,1.892,0.963830871115639,3.56985858310627,0.276121534896075,3405,24.1944898577052,2C_battery-1,Batch-NA
228,1.89,0.962812022414671,3.56843889730385,0.277039960319471,3402,24.0407149348681,2C_battery-1,Batch-NA
229,1.889,0.962302598064187,3.56800442558351,0.277010283076414,3400,23.9567141558047,2C_battery-1,Batch-NA
230,1.887,0.961283749363219,3.5674525788835,0.277032893199418,3397,23.8628640776701,2C_battery-1,Batch-NA
231,1.885,0.960264900662252,3.5663042818099,0.277403656351164,3394,23.7118129365321,2C_battery-1,Batch-NA
232,1.884,0.959755476311768,3.56526525835866,0.277807846921569,3391,23.5666261398176,2C_battery-1,Batch-NA
233,1.882,0.9587366276108,3.56453571645878,0.277613215282923,3388,23.4328567082444,2C_battery-1,Batch-NA
234,1.881,0.958227203260316,3.56373721850274,0.278306245693731,3386,23.372458916616,2C_battery-1,Batch-NA
235,1.88,0.957717778909832,3.56325714285714,0.278200146497578,3383,23.2727992689614,2C_battery-1,Batch-NA
236,1.878,0.956698930208864,3.5625911002743,0.278706578243386,3381,23.2003657421518,2C_battery-1,Batch-NA
237,1.877,0.95618950585838,3.56181629042099,0.278638786712313,3378,23.093380109823,2C_battery-1,Batch-NA
238,1.876,0.955680081507896,3.56133924321026,0.278931111519568,3377,23.0433018004271,2C_battery-1,Batch-NA
239,1.875,0.955170657157412,3.56118426520012,0.278317917326625,3374,22.970394133822,2C_battery-1,Batch-NA
240,1.873,0.954151808456444,3.56044139406909,0.278712923901307,3371,22.8833384286151,2C_battery-1,Batch-NA
241,1.872,0.95364238410596,3.55973711403241,0.279469498554185,3370,22.8428920819323,2C_battery-1,Batch-NA
242,1.871,0.953132959755476,3.55956026936027,0.279313740723911,3369,22.8110805019897,2C_battery-1,Batch-NA
243,1.87,0.952623535404992,3.55889041934496,0.279616134599108,3367,22.7659320477503,2C_battery-1,Batch-NA
244,1.87,0.952623535404992,3.5591871669219,0.279339995039238,3365,22.7845941807045,2C_battery-1,Batch-NA
245,1.868,0.951604686704024,3.5585984375,0.279625482642531,3363,22.7210171568629,2C_battery-1,Batch-NA
246,1.868,0.951604686704024,3.55865363162734,0.279404881802385,3362,22.7706405148637,2C_battery-1,Batch-NA
247,1.867,0.95109526235354,3.55883396689148,0.279514772576442,3362,22.8135193133048,2C_battery-1,Batch-NA
248,1.865,0.950076413652573,3.55746810926949,0.279992992278503,3357,22.6148864333947,2C_battery-1,Batch-NA
249,1.864,0.949566989302089,3.55684752688172,0.279849869564495,3355,22.5142549923193,2C_battery-1,Batch-NA
250,1.863,0.949057564951605,3.55624660313557,0.280172122666558,3353,22.4711958192437,2C_battery-1,Batch-NA
251,1.861,0.948038716250637,3.55571501076592,0.280452892217337,3350,22.4159950784375,2C_battery-1,Batch-NA
252,1.86,0.947529291900153,3.55524752231456,0.280587781163005,3348,22.3806709756849,2C_battery-1,Batch-NA
253,1.859,0.947019867549669,3.55478635663689,0.280594621645031,3346,22.3281490606715,2C_battery-1,Batch-NA
254,1.859,0.947019867549669,3.55461580406654,0.28073449750456,3346,22.3128465804067,2C_battery-1,Batch-NA
255,1.862,0.948548140601121,3.55487423124231,0.280851912111398,3352,22.283610086101,2C_battery-1,Batch-NA
256,1.86,0.947529291900153,3.55412179802956,0.280946787027296,3348,22.2642549261085,2C_battery-1,Batch-NA
257,1.86,0.947529291900153,3.55517312192118,0.280403129780138,3348,22.4059113300494,2C_battery-1,Batch-NA
258,1.864,0.949566989302089,3.55512755760369,0.280910833294965,3355,22.3721658986176,2C_battery-1,Batch-NA
259,1.863,0.949057564951605,3.55393381494006,0.281853569997186,3354,22.2643713495235,2C_battery-1,Batch-NA
260,1.863,0.949057564951605,3.55337600614439,0.281973877265929,3354,22.177296466974,2C_battery-1,Batch-NA
261,1.863,0.949057564951605,3.55298681622618,0.282002929132795,3353,22.1367547633682,2C_battery-1,Batch-NA
262,1.861,0.948038716250637,3.55228298984928,0.282366312051093,3350,22.1039987696093,2C_battery-1,Batch-NA
263,1.86,0.947529291900153,3.55222394582949,0.282197787561312,3349,22.0808864265928,2C_battery-1,Batch-NA
264,1.858,0.946510443199185,3.55161660505237,0.282479787108394,3345,22.0360135551447,2C_battery-1,Batch-NA
265,1.858,0.946510443199185,3.55194774054719,0.281278500677507,3344,22.1361819858592,2C_battery-1,Batch-NA
266,1.849,0.941925624044829,3.55135749622926,0.281960932580875,3328,22.1013574660634,2C_battery-1,Batch-NA
267,1.848,0.941416199694345,3.55075095022625,0.282433282557332,3327,22.1068778280543,2C_battery-1,Batch-NA
268,1.849,0.941925624044829,3.55118454572895,0.282070744034755,3327,22.1905221853306,2C_battery-1,Batch-NA
269,1.848,0.941416199694345,3.55180214631197,0.281897841147986,3327,22.2892079806531,2C_battery-1,Batch-NA
270,1.848,0.941416199694345,3.55228100271821,0.28176325733282,3326,22.389942615524,2C_battery-1,Batch-NA
271,1.846,0.940397350993378,3.55069613176186,0.28299238903593,3322,22.199667573285,2C_battery-1,Batch-NA
272,1.845,0.939887926642893,3.54992264892652,0.282498565240346,3320,22.089144239492,2C_battery-1,Batch-NA
273,1.844,0.93937850229241,3.54929334341907,0.282891053984037,3319,22.0427534039334,2C_battery-1,Batch-NA
274,1.842,0.938359653591442,3.54847169240085,0.283201752882334,3316,22.0071752951861,2C_battery-1,Batch-NA
275,1.841,0.937850229240958,3.5481226969697,0.283206022813757,3314,21.925121212121,2C_battery-1,Batch-NA
276,1.84,0.937340804890474,3.5468216060606,0.28378530802647,3313,21.8126060606062,2C_battery-1,Batch-NA
277,1.841,0.937850229240958,3.54909990892532,0.282994718906971,3314,22.2231633272618,2C_battery-1,Batch-NA
278,1.841,0.937850229240958,3.5502356969697,0.283410641567197,3314,22.394212121212,2C_battery-1,Batch-NA
279,1.84,0.937340804890474,3.54950858095816,0.283610283806366,3311,22.331867798666,2C_battery-1,Batch-NA
280,1.838,0.936321956189506,3.54820412621359,0.283973931300454,3309,22.2053701456312,2C_battery-1,Batch-NA
281,1.836,0.935303107488538,3.54918949286365,0.283636611420187,3305,22.4081688430003,2C_battery-1,Batch-NA
282,1.833,0.933774834437086,3.54737533454988,0.283683480046195,3299,22.1352189781022,2C_battery-1,Batch-NA
283,1.831,0.932755985736118,3.54634925373135,0.283986869029416,3296,22.0624428876028,2C_battery-1,Batch-NA
284,1.829,0.93173713703515,3.54576714460037,0.283863202843258,3293,21.9676632092738,2C_battery-1,Batch-NA
285,1.827,0.930718288334182,3.5440974053724,0.284667044394426,3289,21.7985042735044,2C_battery-1,Batch-NA
286,1.826,0.930208863983698,3.54320513133781,0.284708765747652,3287,21.701191203421,2C_battery-1,Batch-NA
287,1.824,0.92919001528273,3.5423092603912,0.284772729642377,3283,21.6115831295844,2C_battery-1,Batch-NA
288,1.822,0.928171166581763,3.54160850933578,0.284881556722289,3279,21.5411080501989,2C_battery-1,Batch-NA
289,1.824,0.92919001528273,3.5442095412844,0.284086542746121,3283,21.9625382262997,2C_battery-1,Batch-NA
290,1.825,0.929699439633214,3.54581659535453,0.284704433418402,3285,22.2277811735942,2C_battery-1,Batch-NA
291,1.823,0.928680590932247,3.54529837920489,0.285079817678598,3281,22.1964525993885,2C_battery-1,Batch-NA
292,1.821,0.927661742231279,3.54455163959547,0.284672641615494,3277,22.0792522218817,2C_battery-1,Batch-NA
293,1.819,0.926642893530311,3.54327072348253,0.28557750416379,3274,22.0369405272837,2C_battery-1,Batch-NA
294,1.82,0.927152317880795,3.54456595092025,0.28485230016994,3276,22.2029141104295,2C_battery-1,Batch-NA
295,1.819,0.926642893530311,3.54578295001533,0.284893487831146,3274,22.3849432689361,2C_battery-1,Batch-NA
296,1.815,0.924605196128375,3.54196450522434,0.286245696826774,3268,21.971143208359,2C_battery-1,Batch-NA
297,1.812,0.923076923076923,3.54074110769231,0.286212539361761,3263,21.8073538461539,2C_battery-1,Batch-NA
298,1.81,0.922058074375955,3.53996212634823,0.285883452770927,3259,21.7144530046227,2C_battery-1,Batch-NA
299,1.808,0.921039225674987,3.53880413452638,0.28635135608383,3255,21.5934279543351,2C_battery-1,Batch-NA
300,1.806,0.920020376974019,3.53788541859747,0.286193948167648,3250,21.4887241272783,2C_battery-1,Batch-NA
301,1.806,0.920020376974019,3.53851977139326,0.285817362286215,3250,21.6945010812482,2C_battery-1,Batch-NA
302,1.807,0.920529801324503,3.54208836419753,0.285903124169353,3252,22.1630246913581,2C_battery-1,Batch-NA
303,1.808,0.921039225674987,3.54329401788467,0.286022383812759,3254,22.3682701202591,2C_battery-1,Batch-NA
304,1.804,0.919001528273051,3.54171925,0.285950002862354,3248,22.17646875,2C_battery-1,Batch-NA
305,1.803,0.918492103922567,3.54151798561151,0.285746777431017,3245,22.1963715983735,2C_battery-1,Batch-NA
306,1.8,0.916963830871116,3.54035211267606,0.28670716211957,3241,22.124475743349,2C_battery-1,Batch-NA
307,1.799,0.916454406520632,3.53884286606307,0.286605871250932,3238,22.1194817358726,2C_battery-1,Batch-NA
308,1.797,0.915435557819664,3.53963473945409,0.286924389629591,3236,22.1474875930521,2C_battery-1,Batch-NA
309,1.795,0.914416709118696,3.54008660242462,0.286452323907603,3231,22.1647186820019,2C_battery-1,Batch-NA
310,1.792,0.912888436067244,3.53926706102117,0.28738417184719,3226,22.1339041095891,2C_battery-1,Batch-NA
311,1.79,0.911869587366276,3.53854268330733,0.287317563101276,3223,22.1058346333853,2C_battery-1,Batch-NA
312,1.788,0.910850738665308,3.53826127221703,0.287238491785914,3219,22.1084190832553,2C_battery-1,Batch-NA
313,1.787,0.910341314314824,3.53825104589448,0.286828207797379,3217,22.1490477677178,2C_battery-1,Batch-NA
314,1.786,0.90983188996434,3.53909216359663,0.287298702096819,3215,22.3338120512021,2C_battery-1,Batch-NA
315,1.783,0.908303616912888,3.53825294301816,0.287049060189426,3209,22.2433938634942,2C_battery-1,Batch-NA
316,1.781,0.907284768211921,3.53773220551379,0.286776981469912,3205,22.1948934837093,2C_battery-1,Batch-NA
317,1.777,0.905247070809985,3.53679798994975,0.287746783136683,3199,22.1522613065327,2C_battery-1,Batch-NA
318,1.775,0.904228222109017,3.53615110132158,0.287406162530232,3194,22.1025802391441,2C_battery-1,Batch-NA
319,1.772,0.902699949057565,3.53500768503937,0.28782897560423,3189,22.039590551181,2C_battery-1,Batch-NA
320,1.77,0.901681100356597,3.53450984227129,0.287990430429943,3185,22.0098107255519,2C_battery-1,Batch-NA
321,1.767,0.900152827305145,3.53389024005054,0.287934979159929,3181,21.9848073278584,2C_battery-1,Batch-NA
322,1.765,0.899133978604177,3.53316369668246,0.28842873622134,3176,21.9631279620852,2C_battery-1,Batch-NA
323,1.762,0.897605705552725,3.53292215189873,0.288102520854556,3172,21.9470253164556,2C_battery-1,Batch-NA
324,1.76,0.896586856851757,3.53237118858954,0.288755847882677,3169,21.9412044374009,2C_battery-1,Batch-NA
325,1.757,0.895058583800306,3.53254931680966,0.287982706680657,3162,21.9149666348903,2C_battery-1,Batch-NA
326,1.756,0.894549159449822,3.53215595162317,0.288456668049386,3161,22.0808402291535,2C_battery-1,Batch-NA
327,1.753,0.89302088639837,3.53165966252786,0.288736384121714,3156,21.9569563833174,2C_battery-1,Batch-NA
328,1.75,0.891492613346918,3.53138140127389,0.289092851739703,3151,21.9774203821655,2C_battery-1,Batch-NA
329,1.748,0.89047376464595,3.53109591706539,0.289069925067845,3147,21.9807017543859,2C_battery-1,Batch-NA
330,1.746,0.889454915944982,3.53067745129352,0.288980858342207,3143,21.9853082082401,2C_battery-1,Batch-NA
331,1.745,0.888945491594498,3.53162988175136,0.288607194298827,3142,22.1551613934165,2C_battery-1,Batch-NA
332,1.743,0.88792664289353,3.531955328,0.288834074259249,3137,22.2266880000001,2C_battery-1,Batch-NA
333,1.741,0.886907794192562,3.53172701923077,0.289170728273978,3133,22.2544551282053,2C_battery-1,Batch-NA
334,1.736,0.884360672440143,3.53022610093218,0.288977370591575,3124,22.064513018322,2C_battery-1,Batch-NA
335,1.734,0.883341823739175,3.52942764724815,0.289130492453084,3121,22.0427743804312,2C_battery-1,Batch-NA
336,1.732,0.882322975038207,3.52915075733161,0.28953647701148,3117,22.0343860779889,2C_battery-1,Batch-NA
337,1.728,0.880285277636271,3.5289496124031,0.289250125901891,3111,22.0097545219637,2C_battery-1,Batch-NA
338,1.726,0.879266428935303,3.52817362637363,0.289189779113948,3106,22.0266968325791,2C_battery-1,Batch-NA
339,1.725,0.878757004584819,3.52838482691686,0.289338906646087,3105,22.140181171142,2C_battery-1,Batch-NA
340,1.722,0.877228731533367,3.52841218405703,0.289615941128165,3099,22.2113415424498,2C_battery-1,Batch-NA
341,1.721,0.876719307182883,3.52985915721232,0.288897639912288,3097,22.3891734197732,2C_battery-1,Batch-NA
342,1.718,0.875191034131431,3.52964873376623,0.289602665138682,3092,22.4113636363637,2C_battery-1,Batch-NA
343,1.718,0.875191034131431,3.5294089076723,0.289312238391723,3092,22.4582899869959,2C_battery-1,Batch-NA
344,1.717,0.874681609780948,3.53059476763081,0.288971018422641,3091,22.6104322391941,2C_battery-1,Batch-NA
345,1.715,0.87366276107998,3.52954258295381,0.290095189756815,3088,22.5400780741704,2C_battery-1,Batch-NA
346,1.712,0.872134488028528,3.52860176067819,0.289387013289635,3082,22.3925986305835,2C_battery-1,Batch-NA
347,1.71,0.87111563932756,3.52787318982388,0.289830014677954,3079,22.3666992824526,2C_battery-1,Batch-NA
348,1.709,0.870606214977076,3.52760297288468,0.289761975928129,3076,22.36158118262,2C_battery-1,Batch-NA
349,1.707,0.869587366276108,3.526759163672,0.290500446792688,3072,22.3393008820646,2C_battery-1,Batch-NA
350,1.704,0.868059093224656,3.52660219312602,0.290341476649989,3068,22.3361374795417,2C_battery-1,Batch-NA
351,1.704,0.868059093224656,3.52793457760314,0.290000887745349,3068,22.5558939096267,2C_battery-1,Batch-NA
352,1.702,0.867040244523688,3.52749364351245,0.29024247197656,3064,22.5450851900393,2C_battery-1,Batch-NA
353,1.701,0.866530820173204,3.52755413385827,0.290096036703872,3061,22.5468175853018,2C_battery-1,Batch-NA
354,1.698,0.865002547121752,3.52715031198686,0.290353058439897,3057,22.5466009852216,2C_battery-1,Batch-NA
355,1.695,0.863474274070301,3.52673815789473,0.290596883655499,3052,22.5314144736841,2C_battery-1,Batch-NA
356,1.693,0.862455425369333,3.52646482213438,0.290575651809272,3047,22.5129117259552,2C_battery-1,Batch-NA
357,1.69,0.860927152317881,3.52654258831297,0.29007032895796,3042,22.4970287223506,2C_battery-1,Batch-NA
358,1.688,0.859908303616913,3.52608952758507,0.290399996528038,3040,22.505153617443,2C_battery-1,Batch-NA
359,1.687,0.859398879266429,3.52591856386499,0.290128865607871,3036,22.5061879549967,2C_battery-1,Batch-NA
360,1.684,0.857870606214977,3.52538953988745,0.290169774002832,3032,22.4697120158887,2C_battery-1,Batch-NA
361,1.682,0.856851757514009,3.52511588723052,0.290499405886664,3028,22.476351575456,2C_battery-1,Batch-NA
362,1.681,0.856342333163525,3.52429289508632,0.291002818430952,3025,22.4754648074369,2C_battery-1,Batch-NA
363,1.68,0.855832908813041,3.52550355718085,0.290330542053017,3025,22.7061170212767,2C_battery-1,Batch-NA
364,1.681,0.856342333163525,3.52909784339748,0.289742458799979,3026,23.1838752488388,2C_battery-1,Batch-NA
365,1.678,0.854814060112073,3.52865013297873,0.290360839691674,3021,23.1466090425532,2C_battery-1,Batch-NA
366,1.676,0.853795211411105,3.52769990013315,0.290404119238782,3017,23.0692077230359,2C_battery-1,Batch-NA
367,1.674,0.852776362710137,3.5266356,0.290696764359202,3013,22.9923666666666,2C_battery-1,Batch-NA
368,1.671,0.851248089658686,3.52589753004005,0.290496824208745,3008,22.9292389853137,2C_battery-1,Batch-NA
369,1.669,0.850229240957718,3.52576722352155,0.291063043133989,3006,22.927564316739,2C_battery-1,Batch-NA
370,1.667,0.84921039225675,3.52507155287818,0.290880607376241,3001,22.8764056224899,2C_battery-1,Batch-NA
371,1.665,0.848191543555782,3.52476445338699,0.291218173217198,2997,22.8558685446009,2C_battery-1,Batch-NA
372,1.662,0.84666327050433,3.52380560402685,0.291528557188484,2993,22.8186241610739,2C_battery-1,Batch-NA
373,1.66,0.845644421803362,3.52348790322581,0.291675859934868,2988,22.7980846774194,2C_battery-1,Batch-NA
374,1.658,0.844625573102394,3.52285363391656,0.291015289283374,2984,22.7471063257067,2C_battery-1,Batch-NA
375,1.657,0.84411614875191,3.5230102020202,0.290673151803093,2982,22.8276094276095,2C_battery-1,Batch-NA
376,1.66,0.845644421803362,3.52695189788377,0.290395003657292,2988,23.4182398387638,2C_battery-1,Batch-NA
377,1.659,0.845134997452878,3.52767127480659,0.290535286440706,2986,23.5319878910191,2C_battery-1,Batch-NA
378,1.657,0.84411614875191,3.52623097643098,0.29108814366038,2983,23.3954208754208,2C_battery-1,Batch-NA
379,1.655,0.843097300050942,3.52660606469003,0.291063541112404,2980,23.4815700808624,2C_battery-1,Batch-NA
380,1.654,0.842587875700458,3.52633391832602,0.29111155202004,2977,23.4654404319945,2C_battery-1,Batch-NA
381,1.653,0.842078451349974,3.52650937921727,0.290791990271791,2975,23.4965587044534,2C_battery-1,Batch-NA
382,1.651,0.841059602649007,3.52465189189189,0.291381169740867,2972,23.3459121621621,2C_battery-1,Batch-NA
383,1.649,0.840040753948039,3.52414315184308,0.291138040810734,2969,23.2326006087251,2C_battery-1,Batch-NA
384,1.646,0.838512480896587,3.5232753559322,0.291240664057994,2963,23.148779661017,2C_battery-1,Batch-NA
385,1.645,0.838003056546103,3.52234034110686,0.291949468272397,2960,23.1074138531152,2C_battery-1,Batch-NA
386,1.643,0.836984207845135,3.52186151969327,0.291778326981556,2958,23.0517253398396,2C_battery-1,Batch-NA
387,1.64,0.835455934793683,3.52143022687609,0.291617304369143,2952,22.9912739965095,2C_battery-1,Batch-NA
388,1.641,0.835965359144167,3.52229023028611,0.291172701819681,2953,23.1476971388695,2C_battery-1,Batch-NA
389,1.642,0.836474783494651,3.52441823570433,0.290740958275695,2957,23.4555090655509,2C_battery-1,Batch-NA
390,1.592,0.811003565970453,3.5510226177634,0.25361935937283,2866,23.4134483998561,2C_battery-1,Batch-NA
